Index,NLQ,PREDICTED SQL,GOLD SQL,DATABASE
0,What is the ratio of customers who pay in EUR against customers who pay in CZK?,SELECT CAST(SUM(CASE WHEN Currency = 'EUR' THEN 1 ELSE 0 END) AS REAL) / SUM(CASE WHEN Currency = 'CZK' THEN 1 ELSE 0 END) FROM customers,"SELECT CAST(SUM(IIF(Currency = 'EUR', 1, 0)) AS FLOAT) / SUM(IIF(Currency = 'CZK', 1, 0)) AS ratio FROM customers",debit_card_specializing
1,"In 2012, who had the least consumption in LAM?",SELECT T1.CustomerID FROM yearmonth AS T1 JOIN customers AS T2 ON T1.CustomerID = T2.CustomerID WHERE T2.Segment = 'LAM' AND T1.Date LIKE '2012%' ORDER BY T1.Consumption LIMIT 1,"SELECT T1.CustomerID FROM customers AS T1 INNER JOIN yearmonth AS T2 ON T1.CustomerID = T2.CustomerID WHERE T1.Segment = 'LAM' AND SUBSTR(T2.Date, 1, 4) = '2012' GROUP BY T1.CustomerID ORDER BY SUM(T2.Consumption) ASC LIMIT 1",debit_card_specializing
2,What was the average monthly consumption of customers in SME for the year 2013?,SELECT avg(T1.Consumption) FROM yearmonth AS T1 JOIN customers AS T2 ON T1.CustomerID = T2.CustomerID WHERE T2.Segment = 'SME' AND T1.Date LIKE '2013%',"SELECT AVG(T2.Consumption) / 12 FROM customers AS T1 INNER JOIN yearmonth AS T2 ON T1.CustomerID = T2.CustomerID WHERE SUBSTR(T2.Date, 1, 4) = '2013' AND T1.Segment = 'SME'",debit_card_specializing
3,What was the difference in gas consumption between CZK-paying customers and EUR-paying customers in 2012?,SELECT sum(CASE WHEN T2.Currency = 'CZK' THEN T1.Consumption ELSE 0 END) - sum(CASE WHEN T2.Currency = 'EUR' THEN T1.Consumption ELSE 0 END) FROM yearmonth AS T1 JOIN customers AS T2 ON T1.CustomerID  =  T2.CustomerID WHERE T1.Date LIKE '2012%',"SELECT SUM(IIF(T1.Currency = 'CZK', T2.Consumption, 0)) - SUM(IIF(T1.Currency = 'EUR', T2.Consumption, 0)) FROM customers AS T1 INNER JOIN yearmonth AS T2 ON T1.CustomerID = T2.CustomerID WHERE SUBSTR(T2.Date, 1, 4) = '2012'",debit_card_specializing
4,Which year recorded the most consumption of gas paid in CZK?,"SELECT substr(T1.Date, 1, 4) FROM yearmonth AS T1 JOIN customers AS T2 ON T1.CustomerID  =  T2.CustomerID WHERE T2.Currency  =  'CZK' GROUP BY substr(T1.Date, 1, 4) ORDER BY sum(T1.Consumption) DESC LIMIT 1","SELECT SUBSTR(T2.Date, 1, 4) FROM customers AS T1 INNER JOIN yearmonth AS T2 ON T1.CustomerID = T2.CustomerID WHERE T1.Currency = 'CZK' GROUP BY SUBSTR(T2.Date, 1, 4) ORDER BY SUM(T2.Consumption) DESC LIMIT 1",debit_card_specializing
5,What was the gas consumption peak month for SME customers in 2013?,"SELECT substr(T1.Date, 5, 2) FROM yearmonth AS T1 JOIN customers AS T2 ON T1.CustomerID = T2.CustomerID WHERE T2.Segment = 'SME' AND T1.Date LIKE '2013%' GROUP BY substr(T1.Date, 5, 2) ORDER BY sum(T1.Consumption) DESC LIMIT 1","SELECT SUBSTR(T2.Date, 5, 2) FROM customers AS T1 INNER JOIN yearmonth AS T2 ON T1.CustomerID = T2.CustomerID WHERE SUBSTR(T2.Date, 1, 4) = '2013' AND T1.Segment = 'SME' GROUP BY SUBSTR(T2.Date, 5, 2) ORDER BY SUM(T2.Consumption) DESC LIMIT 1",debit_card_specializing
6,"What is the difference in the annual average consumption of the customers with the least amount of consumption paid in CZK for 2013 between SME and LAM, LAM and KAM, and KAM and SME?","WITH MinTotalConsumption AS (   SELECT MIN(TotalConsumption) AS MinVal   FROM (     SELECT       SUM(YM.Consumption) AS TotalConsumption     FROM yearmonth AS YM     JOIN customers AS C       ON YM.CustomerID = C.CustomerID     WHERE       SUBSTR(YM.Date, 1, 4) = '2013' AND C.Currency = 'CZK'     GROUP BY       YM.CustomerID   ) AS CustomerTotalConsumptions ), LeastConsumptionCustomers AS (   SELECT     YM.CustomerID   FROM yearmonth AS YM   JOIN customers AS C     ON YM.CustomerID = C.CustomerID   WHERE     SUBSTR(YM.Date, 1, 4) = '2013' AND C.Currency = 'CZK'   GROUP BY     YM.CustomerID   HAVING     SUM(YM.Consumption) = (       SELECT         MinVal       FROM MinTotalConsumption     ) ), SegmentAverages AS (   SELECT     C.Segment,     AVG(YM.Consumption) AS AvgConsumption   FROM yearmonth AS YM   JOIN customers AS C     ON YM.CustomerID = C.CustomerID   WHERE     YM.CustomerID IN (       SELECT         CustomerID       FROM LeastConsumptionCustomers     ) AND SUBSTR(YM.Date, 1, 4) = '2013' AND C.Segment IN ('SME', 'LAM', 'KAM')   GROUP BY     C.Segment ) SELECT   (     SELECT       AvgConsumption     FROM SegmentAverages     WHERE       Segment = 'SME'   ) - (     SELECT       AvgConsumption     FROM SegmentAverages     WHERE       Segment = 'LAM'   ) AS SME_LAM_Diff,   (     SELECT       AvgConsumption     FROM SegmentAverages     WHERE       Segment = 'LAM'   ) - (     SELECT       AvgConsumption     FROM SegmentAverages     WHERE       Segment = 'KAM'   ) AS LAM_KAM_Diff,   (     SELECT       AvgConsumption     FROM SegmentAverages     WHERE       Segment = 'KAM'   ) - (     SELECT       AvgConsumption     FROM SegmentAverages     WHERE       Segment = 'SME'   ) AS KAM_SME_Diff","SELECT CAST(SUM(IIF(T1.Segment = 'SME', T2.Consumption, 0)) AS REAL) / COUNT(T1.CustomerID) - CAST(SUM(IIF(T1.Segment = 'LAM', T2.Consumption, 0)) AS REAL) / COUNT(T1.CustomerID) , CAST(SUM(IIF(T1.Segment = 'LAM', T2.Consumption, 0)) AS REAL) / COUNT(T1.CustomerID) - CAST(SUM(IIF(T1.Segment = 'KAM', T2.Consumption, 0)) AS REAL) / COUNT(T1.CustomerID) , CAST(SUM(IIF(T1.Segment = 'KAM', T2.Consumption, 0)) AS REAL) / COUNT(T1.CustomerID) - CAST(SUM(IIF(T1.Segment = 'SME', T2.Consumption, 0)) AS REAL) / COUNT(T1.CustomerID) FROM customers AS T1 INNER JOIN yearmonth AS T2 ON T1.CustomerID = T2.CustomerID WHERE T1.Currency = 'CZK' AND T2.Consumption = ( SELECT MIN(Consumption) FROM yearmonth ) AND T2.Date BETWEEN 201301 AND 201312",debit_card_specializing
7,"Which of the three segments—SME, LAM and KAM—has the biggest and lowest percentage increases in consumption paid in EUR between 2012 and 2013?","SELECT   T1.Segment,   (SUM(CASE WHEN T2.Date LIKE '2013%' THEN T2.Consumption ELSE 0 END) - SUM(CASE WHEN T2.Date LIKE '2012%' THEN T2.Consumption ELSE 0 END)) * 100.0 / SUM(CASE WHEN T2.Date LIKE '2012%' THEN T2.Consumption ELSE 0 END) AS PercentageIncrease FROM customers AS T1 JOIN yearmonth AS T2   ON T1.CustomerID = T2.CustomerID WHERE   T1.Currency = 'EUR' AND T1.Segment IN ('SME', 'LAM', 'KAM') GROUP BY   T1.Segment ORDER BY   PercentageIncrease DESC LIMIT 1 UNION ALL SELECT   T1.Segment,   (SUM(CASE WHEN T2.Date LIKE '2013%' THEN T2.Consumption ELSE 0 END) - SUM(CASE WHEN T2.Date LIKE '2012%' THEN T2.Consumption ELSE 0 END)) * 100.0 / SUM(CASE WHEN T2.Date LIKE '2012%' THEN T2.Consumption ELSE 0 END) AS PercentageIncrease FROM customers AS T1 JOIN yearmonth AS T2   ON T1.CustomerID = T2.CustomerID WHERE   T1.Currency = 'EUR' AND T1.Segment IN ('SME', 'LAM', 'KAM') GROUP BY   T1.Segment ORDER BY   PercentageIncrease ASC LIMIT 1","SELECT CAST((SUM(IIF(T1.Segment = 'SME' AND T2.Date LIKE '2013%', T2.Consumption, 0)) - SUM(IIF(T1.Segment = 'SME' AND T2.Date LIKE '2012%', T2.Consumption, 0))) AS FLOAT) * 100 / SUM(IIF(T1.Segment = 'SME' AND T2.Date LIKE '2012%', T2.Consumption, 0)), CAST(SUM(IIF(T1.Segment = 'LAM' AND T2.Date LIKE '2013%', T2.Consumption, 0)) - SUM(IIF(T1.Segment = 'LAM' AND T2.Date LIKE '2012%', T2.Consumption, 0)) AS FLOAT) * 100 / SUM(IIF(T1.Segment = 'LAM' AND T2.Date LIKE '2012%', T2.Consumption, 0)) , CAST(SUM(IIF(T1.Segment = 'KAM' AND T2.Date LIKE '2013%', T2.Consumption, 0)) - SUM(IIF(T1.Segment = 'KAM' AND T2.Date LIKE '2012%', T2.Consumption, 0)) AS FLOAT) * 100 / SUM(IIF(T1.Segment = 'KAM' AND T2.Date LIKE '2012%', T2.Consumption, 0)) FROM customers AS T1 INNER JOIN yearmonth AS T2 ON T1.CustomerID = T2.CustomerID",debit_card_specializing
8,How much did customer 6 consume in total between August and November 2013?,SELECT SUM(Consumption) FROM yearmonth WHERE CustomerID = 6 AND Date BETWEEN '201308' AND '201311',SELECT SUM(Consumption) FROM yearmonth WHERE CustomerID = 6 AND Date BETWEEN '201308' AND '201311',debit_card_specializing
9,"How many more ""discount"" gas stations does the Czech Republic have compared to Slovakia?",SELECT ( SELECT count(*) FROM gasstations WHERE Segment = 'discount' AND Country = 'Czech Republic' ) - ( SELECT count(*) FROM gasstations WHERE Segment = 'discount' AND Country = 'Slovakia' ),"SELECT SUM(IIF(Country = 'CZE', 1, 0)) - SUM(IIF(Country = 'SVK', 1, 0)) FROM gasstations WHERE Segment = 'Discount'",debit_card_specializing
10,"Is it true that more SMEs pay in Czech koruna than in euros? If so, how many more?",SELECT (SELECT count(CustomerID) FROM customers WHERE Segment = 'SME' AND Currency = 'CZK') - (SELECT count(CustomerID) FROM customers WHERE Segment = 'SME' AND Currency = 'EUR'),SELECT SUM(Currency = 'CZK') - SUM(Currency = 'EUR') FROM customers WHERE Segment = 'SME',debit_card_specializing
11,How many percent of LAM customer consumed more than 46.73?,SELECT CAST(COUNT(DISTINCT T1.CustomerID) AS REAL) * 100 / (SELECT COUNT(DISTINCT CustomerID) FROM customers WHERE Segment  =  'LAM') FROM customers AS T1 JOIN yearmonth AS T2 ON T1.CustomerID  =  T2.CustomerID WHERE T1.Segment  =  'LAM' AND T2.Consumption  >  46.73,"SELECT CAST(SUM(IIF(T2.Consumption > 46.73, 1, 0)) AS FLOAT) * 100 / COUNT(T1.CustomerID) FROM customers AS T1 INNER JOIN yearmonth AS T2 ON T1.CustomerID = T2.CustomerID WHERE T1.Segment = 'LAM'",debit_card_specializing
12,"In February 2012, what percentage of customers consumed more than 528.3?",SELECT CAST(COUNT(DISTINCT CASE WHEN Consumption > 528.3 THEN CustomerID ELSE NULL END) AS REAL) * 100 / COUNT(DISTINCT CustomerID) FROM yearmonth WHERE Date = '201202',"SELECT CAST(SUM(IIF(Consumption > 528.3, 1, 0)) AS FLOAT) * 100 / COUNT(CustomerID) FROM yearmonth WHERE Date = '201202'",debit_card_specializing
13,What is the highest monthly consumption in the year 2012?,SELECT max(Consumption) FROM yearmonth WHERE Date LIKE '2012%',"SELECT SUM(Consumption) FROM yearmonth WHERE SUBSTR(Date, 1, 4) = '2012' GROUP BY SUBSTR(Date, 5, 2) ORDER BY SUM(Consumption) DESC LIMIT 1",debit_card_specializing
14,"Please list the product description of the products consumed in September, 2013.",SELECT DISTINCT T1.Description FROM products AS T1 JOIN transactions_1k AS T2 ON T1.ProductID  =  T2.ProductID WHERE T2.Date LIKE '2013-09-%',SELECT T3.Description FROM transactions_1k AS T1 INNER JOIN yearmonth AS T2 ON T1.CustomerID = T2.CustomerID INNER JOIN products AS T3 ON T1.ProductID = T3.ProductID WHERE T2.Date = '201309',debit_card_specializing
15,"Please list the countries of the gas stations with transactions taken place in June, 2013.",SELECT DISTINCT T1.Country FROM gasstations AS T1 JOIN transactions_1k AS T2 ON T1.GasStationID = T2.GasStationID WHERE T2.Date LIKE '2013-06-%',SELECT DISTINCT T2.Country FROM transactions_1k AS T1 INNER JOIN gasstations AS T2 ON T1.GasStationID = T2.GasStationID INNER JOIN yearmonth AS T3 ON T1.CustomerID = T3.CustomerID WHERE T3.Date = '201306',debit_card_specializing
16,"Among the customers who paid in euro, how many of them have a monthly consumption of over 1000?",SELECT count(DISTINCT T1.CustomerID) FROM customers AS T1 JOIN yearmonth AS T2 ON T1.CustomerID  =  T2.CustomerID WHERE T1.Currency  =  'EUR' AND T2.Consumption  >  1000,SELECT COUNT(*) FROM yearmonth AS T1 INNER JOIN customers AS T2 ON T1.CustomerID = T2.CustomerID WHERE T2.Currency = 'EUR' AND T1.Consumption > 1000.00,debit_card_specializing
17,Please list the product descriptions of the transactions taken place in the gas stations in the Czech Republic.,SELECT DISTINCT T1.Description FROM products AS T1 JOIN transactions_1k AS T2 ON T1.ProductID  =  T2.ProductID JOIN gasstations AS T3 ON T2.GasStationID  =  T3.GasStationID WHERE T3.Country  =  'CZE',SELECT DISTINCT T3.Description FROM transactions_1k AS T1 INNER JOIN gasstations AS T2 ON T1.GasStationID = T2.GasStationID INNER JOIN products AS T3 ON T1.ProductID = T3.ProductID WHERE T2.Country = 'CZE',debit_card_specializing
18,Please list the disparate time of the transactions taken place in the gas stations from chain no. 11.,SELECT DISTINCT T1.Time FROM transactions_1k AS T1 JOIN gasstations AS T2 ON T1.GasStationID = T2.GasStationID WHERE T2.ChainID = 11,SELECT DISTINCT T1.Time FROM transactions_1k AS T1 INNER JOIN gasstations AS T2 ON T1.GasStationID = T2.GasStationID WHERE T2.ChainID = 11,debit_card_specializing
19,"Among the transactions made in the gas stations in the Czech Republic, how many of them are taken place after 2012/1/1?",SELECT count(*) FROM transactions_1k AS T1 JOIN gasstations AS T2 ON T1.GasStationID  =  T2.GasStationID WHERE T2.Country  =  'CZE' AND T1.Date  >  '2012-01-01',"SELECT COUNT(T1.TransactionID) FROM transactions_1k AS T1 INNER JOIN gasstations AS T2 ON T1.GasStationID = T2.GasStationID WHERE T2.Country = 'CZE' AND STRFTIME('%Y', T1.Date) >= '2012'",debit_card_specializing
20,What kind of currency did the customer paid at 16:25:00 in 2012/8/24?,SELECT DISTINCT T1.Currency FROM customers AS T1 JOIN transactions_1k AS T2 ON T1.CustomerID = T2.CustomerID WHERE T2.Date = '2012-08-24' AND T2.Time = '16:25:00',SELECT DISTINCT T3.Currency FROM transactions_1k AS T1 INNER JOIN gasstations AS T2 ON T1.GasStationID = T2.GasStationID INNER JOIN customers AS T3 ON T1.CustomerID = T3.CustomerID WHERE T1.Date = '2012-08-24' AND T1.Time = '16:25:00',debit_card_specializing
21,What segment did the customer have at 2012/8/23 21:20:00?,SELECT DISTINCT T1.Segment FROM customers AS T1 JOIN transactions_1k AS T2 ON T1.CustomerID  =  T2.CustomerID WHERE T2.Date  =  '2012-08-23' AND T2.Time  =  '21:20:00',SELECT T2.Segment FROM transactions_1k AS T1 INNER JOIN customers AS T2 ON T1.CustomerID = T2.CustomerID WHERE T1.date = '2012-08-23' AND T1.time = '21:20:00',debit_card_specializing
22,"For all the transactions happened during 8:00-9:00 in 2012/8/26, how many happened in CZE?",SELECT count(T1.TransactionID) FROM transactions_1k AS T1 JOIN gasstations AS T2 ON T1.GasStationID = T2.GasStationID WHERE T1.Date = '2012-08-26' AND T1.Time BETWEEN '08:00:00' AND '09:00:00' AND T2.Country = 'CZE',SELECT COUNT(T1.TransactionID) FROM transactions_1k AS T1 INNER JOIN gasstations AS T2 ON T1.GasStationID = T2.GasStationID WHERE T1.Date = '2012-08-26' AND T1.Time BETWEEN '08:00:00' AND '09:00:00' AND T2.Country = 'CZE',debit_card_specializing
23,What's the nationality of the customer who spent 548.4 in 2012/8/24?,SELECT DISTINCT T2.Country FROM transactions_1k AS T1 JOIN gasstations AS T2 ON T1.GasStationID = T2.GasStationID WHERE T1.Amount = 548.4 AND T1.Date = '2012-08-24',SELECT T2.Country FROM transactions_1k AS T1 INNER JOIN gasstations AS T2 ON T1.GasStationID = T2.GasStationID WHERE T1.Date = '2012-08-24' AND T1.Price  = 548.4,debit_card_specializing
24,What is the percentage of the customers who used EUR in 2012/8/25?,SELECT CAST(COUNT(DISTINCT CASE WHEN T1.Currency = 'EUR' THEN T1.CustomerID ELSE NULL END) AS REAL) * 100.0 / COUNT(DISTINCT T1.CustomerID) FROM customers AS T1 JOIN transactions_1k AS T2 ON T1.CustomerID = T2.CustomerID WHERE T2.Date = '2012-08-25',"SELECT CAST(SUM(IIF(T2.Currency = 'EUR', 1, 0)) AS FLOAT) * 100 / COUNT(T1.CustomerID) FROM transactions_1k AS T1 INNER JOIN customers AS T2 ON T1.CustomerID = T2.CustomerID WHERE T1.Date = '2012-08-25'",debit_card_specializing
25,"For the customer who paid 634.8 in 2012/8/25, what was the consumption decrease rate from Year 2012 to 2013?",SELECT (SUM(CASE WHEN T2.Date LIKE '2012%' THEN T2.Consumption ELSE 0 END) - SUM(CASE WHEN T2.Date LIKE '2013%' THEN T2.Consumption ELSE 0 END)) * 1.0 / SUM(CASE WHEN T2.Date LIKE '2012%' THEN T2.Consumption ELSE 0 END) FROM transactions_1k AS T1 JOIN yearmonth AS T2 ON T1.CustomerID = T2.CustomerID WHERE T1.Amount = 634.8 AND T1.Date = '2012-08-25' GROUP BY T2.CustomerID LIMIT 1,"SELECT CAST(SUM(IIF(SUBSTRING(Date, 1, 4) = '2012', Consumption, 0)) - SUM(IIF(SUBSTRING(Date, 1, 4) = '2013', Consumption, 0)) AS FLOAT) / SUM(IIF(SUBSTRING(Date, 1, 4) = '2012', Consumption, 0)) FROM yearmonth WHERE CustomerID = ( SELECT T1.CustomerID FROM transactions_1k AS T1 INNER JOIN gasstations AS T2 ON T1.GasStationID = T2.GasStationID WHERE T1.Date = '2012-08-25' AND T1.Price  = 1513.12 )",debit_card_specializing
26,"What is the percentage of ""premium"" against the overall segment in Country = ""SVK""?",SELECT CAST(SUM(CASE WHEN Segment  =  'Premium' THEN 1 ELSE 0 END) AS REAL) * 100 / COUNT(*) FROM gasstations WHERE Country  =  'SVK',"SELECT CAST(SUM(IIF(Country = 'SVK' AND Segment = 'Premium', 1, 0)) AS FLOAT) * 100 / SUM(IIF(Country = 'SVK', 1, 0)) FROM gasstations",debit_card_specializing
27,"What is the amount spent by customer ""38508"" at the gas stations? How much had the customer spent in January 2012?","SELECT SUM(Amount), SUM(CASE WHEN Date BETWEEN '2012-01-01' AND '2012-01-31' THEN Amount ELSE 0 END) FROM transactions_1k WHERE CustomerID = 38508","SELECT SUM(T1.Price ) , SUM(IIF(T3.Date = '201201', T1.Price, 0)) FROM transactions_1k AS T1 INNER JOIN gasstations AS T2 ON T1.GasStationID = T2.GasStationID INNER JOIN yearmonth AS T3 ON T1.CustomerID = T3.CustomerID WHERE T1.CustomerID = '38508'",debit_card_specializing
28,Who is the top spending customer and how much is the average price per single item purchased by this customer? What currency was being used?,"SELECT T1.CustomerID , SUM(T1.Price) / SUM(T1.Amount) , T2.Currency FROM transactions_1k AS T1 JOIN customers AS T2 ON T1.CustomerID  =  T2.CustomerID GROUP BY T1.CustomerID ORDER BY SUM(T1.Price) DESC LIMIT 1","SELECT T2.CustomerID, SUM(T2.Price / T2.Amount), T1.Currency FROM customers AS T1 INNER JOIN transactions_1k AS T2 ON T1.CustomerID = T2.CustomerID WHERE T2.CustomerID = ( SELECT CustomerID FROM yearmonth ORDER BY Consumption DESC LIMIT 1 ) GROUP BY T2.CustomerID, T1.Currency",debit_card_specializing
29,For all the people who paid more than 29.00 per unit of product id No.5. Give their consumption status in the August of 2012.,SELECT T2.Consumption FROM transactions_1k AS T1 JOIN yearmonth AS T2 ON T1.CustomerID = T2.CustomerID WHERE T1.ProductID = 5 AND T1.Price / T1.Amount > 29.00 AND T2.Date = '201208',SELECT T2.Consumption FROM transactions_1k AS T1 INNER JOIN yearmonth AS T2 ON T1.CustomerID = T2.CustomerID WHERE T1.Price / T1.Amount > 29.00 AND T1.ProductID = 5 AND T2.Date = '201208',debit_card_specializing
30,What's Angela Sanders's major?,SELECT T2.major_name FROM member AS T1 JOIN major AS T2 ON T1.link_to_major = T2.major_id WHERE T1.first_name = 'Angela' AND T1.last_name = 'Sanders',SELECT T2.major_name FROM member AS T1 INNER JOIN major AS T2 ON T1.link_to_major = T2.major_id WHERE T1.first_name = 'Angela' AND T1.last_name = 'Sanders',student_club
31,"Among the students from the Student_Club who attended the event ""Women's Soccer"", how many of them want a T-shirt that's in medium size?",SELECT count(T1.member_id) FROM member AS T1 JOIN attendance AS T2 ON T1.member_id  =  T2.link_to_member JOIN event AS T3 ON T2.link_to_event  =  T3.event_id WHERE T3.event_name  =  'Women''s Soccer' AND T1.t_shirt_size  =  'Medium',SELECT COUNT(T1.event_id) FROM event AS T1 INNER JOIN attendance AS T2 ON T1.event_id = T2.link_to_event INNER JOIN member AS T3 ON T2.link_to_member = T3.member_id WHERE T1.event_name = 'Women''s Soccer' AND T3.t_shirt_size = 'Medium',student_club
32,"Among the events attended by more than 10 members of the Student_Club, how many of them are meetings?",SELECT count(*) FROM event WHERE event_id IN (SELECT link_to_event FROM attendance GROUP BY link_to_event HAVING count(*)  >  10) AND type  =  'Meeting',SELECT T1.event_name FROM event AS T1  INNER JOIN attendance AS T2 ON T1.event_id = T2.link_to_event GROUP BY T1.event_id  HAVING COUNT(T2.link_to_event) > 10 EXCEPT SELECT T1.event_name  FROM event AS T1  WHERE T1.type = 'Meeting',student_club
33,List all the names of events that had an attendance of over 20 students but were not fundraisers.,SELECT T1.event_name FROM event AS T1 JOIN attendance AS T2 ON T1.event_id  =  T2.link_to_event WHERE T1.type != 'fundraisers' GROUP BY T1.event_id HAVING count(T2.link_to_member)  >  20,SELECT T1.event_name FROM event AS T1 INNER JOIN attendance AS T2 ON T1.event_id = T2.link_to_event GROUP BY T1.event_id HAVING COUNT(T2.link_to_event) > 20 EXCEPT SELECT T1.event_name FROM event AS T1  WHERE T1.type = 'Fundraiser',student_club
34,What is the amount of the funds that the Vice President received?,SELECT T1.amount FROM income AS T1 JOIN member AS T2 ON T1.link_to_member = T2.member_id WHERE T2.position = 'Vice President',SELECT T2.amount FROM member AS T1 INNER JOIN income AS T2 ON T1.member_id = T2.link_to_member WHERE T1.position = 'Vice President',student_club
35,List the full name of the Student_Club members that grew up in Illinois state.,"SELECT T1.first_name ,  T1.last_name FROM member AS T1 JOIN zip_code AS T2 ON T1.zip  =  T2.zip_code WHERE T2.state  =  'Illinois'","SELECT T1.first_name, T1.last_name FROM member AS T1 INNER JOIN zip_code AS T2 ON T1.zip = T2.zip_code WHERE T2.state = 'Illinois'",student_club
36,"Was each expense in October Meeting on October 8, 2019 approved?",SELECT T3.approved FROM event AS T1 JOIN budget AS T2 ON T1.event_id  =  T2.link_to_event JOIN expense AS T3 ON T2.budget_id  =  T3.link_to_budget WHERE T1.event_name  =  'October Meeting' AND T1.event_date  =  '2019-10-08',SELECT T3.approved FROM event AS T1 INNER JOIN budget AS T2 ON T1.event_id = T2.link_to_event INNER JOIN expense AS T3 ON T2.budget_id = T3.link_to_budget WHERE T1.event_name = 'October Meeting' AND T1.event_date LIKE '2019-10-08%',student_club
37,Calculate the total average cost that Elijah Allen spent in the events on September and October.,"SELECT avg(T1.cost) FROM expense AS T1 JOIN member AS T2 ON T1.link_to_member  =  T2.member_id WHERE T2.first_name  =  'Elijah' AND T2.last_name  =  'Allen' AND strftime('%m', T1.expense_date) IN ('09', '10')","SELECT AVG(T2.cost) FROM member AS T1 INNER JOIN expense AS T2 ON T1.member_id = T2.link_to_member WHERE T1.last_name = 'Allen' AND T1.first_name = 'Elijah' AND (SUBSTR(T2.expense_date, 6, 2) = '09' OR SUBSTR(T2.expense_date, 6, 2) = '10')",student_club
38,Calculate the difference of the total amount spent in all events by the Student_Club in year 2019 and 2020.,SELECT (SELECT sum(T1.spent) FROM budget AS T1 JOIN event AS T2 ON T1.link_to_event = T2.event_id WHERE T2.event_date LIKE '2019%' AND T2.type = 'Student_Club') - (SELECT sum(T1.spent) FROM budget AS T1 JOIN event AS T2 ON T1.link_to_event = T2.event_id WHERE T2.event_date LIKE '2020%' AND T2.type = 'Student_Club'),"SELECT SUM(CASE WHEN SUBSTR(T1.event_date, 1, 4) = '2019' THEN T2.spent ELSE 0 END) - SUM(CASE WHEN SUBSTR(T1.event_date, 1, 4) = '2020' THEN T2.spent ELSE 0 END) AS num FROM event AS T1 INNER JOIN budget AS T2 ON T1.event_id = T2.link_to_event",student_club
39,What was the notes of the fundraising on 2019/9/14?,SELECT notes FROM event WHERE type = 'fundraising' AND event_date = '2019-09-14',SELECT notes FROM income WHERE source = 'Fundraising' AND date_received = '2019-09-14',student_club
40,"Tell the phone number of ""Carlo Jacobs"".",SELECT phone FROM member WHERE first_name = 'Carlo' AND last_name = 'Jacobs',SELECT phone FROM member WHERE first_name = 'Carlo' AND last_name = 'Jacobs',student_club
41,"What is the status of the event which bought ""Post Cards, Posters"" on 2019/8/20?","SELECT DISTINCT T3.status FROM expense AS T1 JOIN budget AS T2 ON T1.link_to_budget = T2.budget_id JOIN event AS T3 ON T2.link_to_event = T3.event_id WHERE T1.expense_description = 'Post Cards, Posters' AND T1.expense_date = '2019-08-20'","SELECT T1.event_status FROM budget AS T1 INNER JOIN expense AS T2 ON T1.budget_id = T2.link_to_budget WHERE T2.expense_description = 'Post Cards, Posters' AND T2.expense_date = '2019-08-20'",student_club
42,What was Brent Thomason's major?,SELECT T2.major_name FROM member AS T1 JOIN major AS T2 ON T1.link_to_major = T2.major_id WHERE T1.first_name = 'Brent' AND T1.last_name = 'Thomason',SELECT T2.major_name FROM member AS T1 INNER JOIN major AS T2 ON T1.link_to_major = T2.major_id WHERE T1.first_name = 'Brent' AND T1.last_name = 'Thomason',student_club
43,"For all the club members from ""Business"" major, how many of them wear medium size t-shirt?",SELECT count(T1.member_id) FROM member AS T1 JOIN major AS T2 ON T1.link_to_major = T2.major_id WHERE T2.major_name = 'Business' AND T1.t_shirt_size = 'Medium',SELECT COUNT(T1.member_id) FROM member AS T1 INNER JOIN major AS T2 ON T1.link_to_major = T2.major_id WHERE T2.major_name = 'Business' AND T1.t_shirt_size = 'Medium',student_club
44,Which department was the President of the club in?,SELECT T2.department FROM member AS T1 JOIN major AS T2 ON T1.link_to_major = T2.major_id WHERE T1.position = 'President',SELECT T2.department FROM member AS T1 INNER JOIN major AS T2 ON T1.link_to_major = T2.major_id WHERE T1.position = 'President',student_club
45,State the date Connor Hilton paid his/her dues.,SELECT T1.date_received FROM income AS T1 JOIN member AS T2 ON T1.link_to_member = T2.member_id WHERE T2.first_name = 'Connor' AND T2.last_name = 'Hilton',SELECT T2.date_received FROM member AS T1 INNER JOIN income AS T2 ON T1.member_id = T2.link_to_member WHERE T1.first_name = 'Connor' AND T1.last_name = 'Hilton' AND T2.source = 'Dues',student_club
46,"How many times was the budget in Advertisement for ""Yearly Kickoff"" meeting more than ""October Meeting""?",SELECT COUNT(*) FROM budget AS T1 JOIN event AS T2 ON T1.link_to_event = T2.event_id WHERE T1.category = 'Advertisement' AND T2.event_name = 'Yearly Kickoff' AND T1.amount > (SELECT SUM(T3.amount) FROM budget AS T3 JOIN event AS T4 ON T3.link_to_event = T4.event_id WHERE T3.category = 'Advertisement' AND T4.event_name = 'October Meeting'),SELECT CAST(SUM(CASE WHEN T2.event_name = 'Yearly Kickoff' THEN T1.amount ELSE 0 END) AS REAL) / SUM(CASE WHEN T2.event_name = 'October Meeting' THEN T1.amount ELSE 0 END) FROM budget AS T1 INNER JOIN event AS T2 ON T1.link_to_event = T2.event_id WHERE T1.category = 'Advertisement' AND T2.type = 'Meeting',student_club
47,What is the total cost of the pizzas for all the events?,SELECT sum(cost) FROM expense WHERE expense_description LIKE '%Pizza%',SELECT SUM(cost) FROM expense WHERE expense_description = 'Pizza',student_club
48,"How many cities are there in Orange County, Virginia?",SELECT count(DISTINCT city) FROM zip_code WHERE county  =  'Orange County' AND state  =  'Virginia',SELECT COUNT(city) FROM zip_code WHERE county = 'Orange County' AND state = 'Virginia',student_club
49,"What does the person with the phone number ""809-555-3360"" major in?",SELECT T2.major_name FROM member AS T1 JOIN major AS T2 ON T1.link_to_major = T2.major_id WHERE T1.phone = '809-555-3360',SELECT T2.major_name FROM member AS T1 INNER JOIN major AS T2 ON T1.link_to_major = T2.major_id WHERE T1.phone = '809-555-3360',student_club
50,"How many members attended the ""Women's Soccer"" event?",SELECT count(T1.member_id) FROM member AS T1 JOIN attendance AS T2 ON T1.member_id = T2.link_to_member JOIN event AS T3 ON T2.link_to_event = T3.event_id WHERE T3.event_name = 'Women''s Soccer',SELECT COUNT(T2.link_to_member) FROM event AS T1 INNER JOIN attendance AS T2 ON T1.event_id = T2.link_to_event WHERE T1.event_name = 'Women''s Soccer',student_club
51,"List all the members of the ""School of Applied Sciences, Technology and Education"" department.","SELECT T1.* FROM member AS T1 JOIN major AS T2 ON T1.link_to_major = T2.major_id WHERE T2.department = 'School of Applied Sciences, Technology and Education'","SELECT T1.first_name, T1.last_name FROM member AS T1 INNER JOIN major AS T2 ON T1.link_to_major = T2.major_id WHERE T2.department = 'School of Applied Sciences, Technology and Education'",student_club
52,"Among all the closed events, which event has the highest spend-to-budget ratio?",SELECT T1.event_name FROM event AS T1 JOIN budget AS T2 ON T1.event_id  =  T2.link_to_event WHERE T1.status  =  'Closed' ORDER BY T2.spent / T2.amount DESC LIMIT 1,SELECT T2.event_name FROM budget AS T1 INNER JOIN event AS T2 ON T1.link_to_event = T2.event_id WHERE T2.status = 'Closed' ORDER BY T1.spent / T1.amount DESC LIMIT 1,student_club
53,What is the highest amount of budget spend for an event?,SELECT max(spent) FROM budget,SELECT MAX(spent) FROM budget,student_club
54,What is the total amount of money spent for food?,SELECT sum(cost) FROM expense WHERE expense_description LIKE '%Food%',SELECT SUM(spent) FROM budget WHERE category = 'Food',student_club
55,List the name of students that have attended more than 7 events.,"SELECT T1.first_name ,  T1.last_name FROM member AS T1 JOIN attendance AS T2 ON T1.member_id  =  T2.link_to_member GROUP BY T1.member_id HAVING count(T2.link_to_event)  >  7","SELECT T1.first_name, T1.last_name FROM member AS T1 INNER JOIN attendance AS T2 ON T1.member_id = T2.link_to_member GROUP BY T2.link_to_member HAVING COUNT(T2.link_to_event) > 7",student_club
56,Which student has been entrusted to manage the budget for the Yearly Kickoff?,"SELECT DISTINCT T1.first_name ,  T1.last_name FROM member AS T1 JOIN expense AS T2 ON T1.member_id  =  T2.link_to_member JOIN budget AS T3 ON T2.link_to_budget  =  T3.budget_id JOIN event AS T4 ON T3.link_to_event  =  T4.event_id WHERE T4.event_name  =  'Yearly Kickoff'","SELECT T4.first_name, T4.last_name FROM event AS T1 INNER JOIN budget AS T2 ON T1.event_id = T2.link_to_event INNER JOIN expense AS T3 ON T2.budget_id = T3.link_to_budget INNER JOIN member AS T4 ON T3.link_to_member = T4.member_id WHERE T1.event_name = 'Yearly Kickoff'",student_club
57,Which event has the lowest cost?,SELECT T3.event_name FROM expense AS T1 JOIN budget AS T2 ON T1.link_to_budget = T2.budget_id JOIN event AS T3 ON T2.link_to_event = T3.event_id WHERE T1.cost = (SELECT min(cost) FROM expense),SELECT T1.event_name FROM event AS T1 INNER JOIN budget AS T2 ON T1.event_id = T2.link_to_event INNER JOIN expense AS T3 ON T2.budget_id = T3.link_to_budget ORDER BY T3.cost LIMIT 1,student_club
58,"Based on the total cost for all event, what is the percentage of cost for Yearly Kickoff event?",SELECT SUM(CASE WHEN T3.event_name = 'Yearly Kickoff' THEN T1.cost ELSE 0 END) * 100.0 / SUM(T1.cost) FROM expense AS T1 JOIN budget AS T2 ON T1.link_to_budget = T2.budget_id JOIN event AS T3 ON T2.link_to_event = T3.event_id,SELECT CAST(SUM(CASE WHEN T1.event_name = 'Yearly Kickoff' THEN T3.cost ELSE 0 END) AS REAL) * 100 / SUM(T3.cost) FROM event AS T1 INNER JOIN budget AS T2 ON T1.event_id = T2.link_to_event INNER JOIN expense AS T3 ON T2.budget_id = T3.link_to_budget,student_club
59,Indicate the top source of funds received in September 2019 based on their amount.,SELECT source FROM income WHERE date_received BETWEEN '2019-09-01' AND '2019-09-30' GROUP BY source ORDER BY sum(amount) DESC LIMIT 1,SELECT source FROM income WHERE date_received BETWEEN '2019-09-01' and '2019-09-30' ORDER BY source DESC LIMIT 1,student_club
60,How many members of the Student_Club have major in 'Physics Teaching'?,SELECT count(T1.member_id) FROM member AS T1 JOIN major AS T2 ON T1.link_to_major = T2.major_id WHERE T2.major_name = 'Physics Teaching',SELECT COUNT(T2.member_id) FROM major AS T1 INNER JOIN member AS T2 ON T1.major_id = T2.link_to_major WHERE T1.major_name = 'Physics Teaching',student_club
61,Name the event with the highest amount spent on advertisement.,SELECT T1.event_name FROM event AS T1 JOIN budget AS T2 ON T1.event_id = T2.link_to_event WHERE T2.category = 'Advertisement' ORDER BY T2.spent DESC LIMIT 1,SELECT T2.event_name FROM budget AS T1 INNER JOIN event AS T2 ON T1.link_to_event = T2.event_id WHERE T1.category = 'Advertisement' ORDER BY T1.spent DESC LIMIT 1,student_club
62,Did Maya Mclean attend the 'Women's Soccer' event?,SELECT COUNT(*) FROM member AS T1 JOIN attendance AS T2 ON T1.member_id = T2.link_to_member JOIN event AS T3 ON T2.link_to_event = T3.event_id WHERE T1.first_name = 'Maya' AND T1.last_name = 'Mclean' AND T3.event_name = 'Women''s Soccer',SELECT CASE WHEN T3.event_name = 'Women''s Soccer' THEN 'YES' END AS result FROM member AS T1 INNER JOIN attendance AS T2 ON T1.member_id = T2.link_to_member INNER JOIN event AS T3 ON T2.link_to_event = T3.event_id WHERE T1.first_name = 'Maya' AND T1.last_name = 'Mclean',student_club
63,Indicate the cost of posters for 'September Speaker' event.,SELECT T1.cost FROM expense AS T1 JOIN budget AS T2 ON T1.link_to_budget = T2.budget_id JOIN event AS T3 ON T2.link_to_event = T3.event_id WHERE T1.expense_description LIKE '%Posters%' AND T3.event_name = 'September Speaker',SELECT T3.cost FROM event AS T1 INNER JOIN budget AS T2 ON T1.event_id = T2.link_to_event INNER JOIN expense AS T3 ON T2.budget_id = T3.link_to_budget WHERE T1.event_name = 'September Speaker' AND T3.expense_description = 'Posters',student_club
64,Indicate the name of the closed event whose cost has exceeded the budget the most.,SELECT T1.event_name FROM event AS T1 JOIN budget AS T2 ON T1.event_id = T2.link_to_event JOIN expense AS T3 ON T2.budget_id = T3.link_to_budget WHERE T1.status = 'Closed' GROUP BY T1.event_id ORDER BY SUM(T3.cost) - T2.amount DESC LIMIT 1,SELECT T2.event_name FROM budget AS T1 INNER JOIN event AS T2 ON T2.event_id = T1.link_to_event WHERE T1.event_status = 'Closed' AND T1.remaining < 0 ORDER BY T1.remaining LIMIT 1,student_club
65,Identify the type of expenses and their total value approved for 'October Meeting' event.,"SELECT T1.expense_description ,  sum(T1.cost) FROM expense AS T1 JOIN budget AS T2 ON T1.link_to_budget  =  T2.budget_id JOIN event AS T3 ON T2.link_to_event  =  T3.event_id WHERE T3.event_name  =  'October Meeting' AND T1.approved  =  'true' GROUP BY T1.expense_description","SELECT T1.type, SUM(T3.cost) FROM event AS T1 INNER JOIN budget AS T2 ON T1.event_id = T2.link_to_event INNER JOIN expense AS T3 ON T2.budget_id = T3.link_to_budget WHERE T1.event_name = 'October Meeting'",student_club
66,Calculate the amount budgeted for 'April Speaker' event. List all the budgeted categories for said event in an ascending order based on their amount budgeted.,"SELECT T1.category ,  T1.amount FROM budget AS T1 JOIN event AS T2 ON T1.link_to_event  =  T2.event_id WHERE T2.event_name  =  'April Speaker' ORDER BY T1.amount ASC","SELECT T2.category, SUM(T2.amount) FROM event AS T1 JOIN budget AS T2 ON T1.event_id = T2.link_to_event WHERE T1.event_name = 'April Speaker' GROUP BY T2.category ORDER BY SUM(T2.amount) ASC",student_club
67,Mention the total expense used on 8/20/2019.,SELECT sum(cost) FROM expense WHERE expense_date = '2019-08-20',SELECT SUM(cost) FROM expense WHERE expense_date = '2019-08-20',student_club
68,"List out the full name and total cost that member id ""rec4BLdZHS2Blfp4v"" incurred?","SELECT T1.first_name ,  T1.last_name ,  sum(T2.cost) FROM member AS T1 JOIN expense AS T2 ON T1.member_id  =  T2.link_to_member WHERE T1.member_id  =  'rec4BLdZHS2Blfp4v' GROUP BY T1.member_id","SELECT T1.first_name, T1.last_name, SUM(T2.cost) FROM member AS T1 INNER JOIN expense AS T2 ON T1.member_id = T2.link_to_member WHERE T1.member_id = 'rec4BLdZHS2Blfp4v'",student_club
69,State what kind of expenses that Sacha Harrison incurred?,SELECT T1.expense_description FROM expense AS T1 JOIN member AS T2 ON T1.link_to_member = T2.member_id WHERE T2.first_name = 'Sacha' AND T2.last_name = 'Harrison',SELECT T2.expense_description FROM member AS T1 INNER JOIN expense AS T2 ON T1.member_id = T2.link_to_member WHERE T1.first_name = 'Sacha' AND T1.last_name = 'Harrison',student_club
70,State the category of events were held at MU 215.,SELECT DISTINCT T1.category FROM budget AS T1 JOIN event AS T2 ON T1.link_to_event = T2.event_id WHERE T2.location = 'MU 215',SELECT DISTINCT T2.category FROM event AS T1 INNER JOIN budget AS T2 ON T1.event_id = T2.link_to_event WHERE T1.location = 'MU 215',student_club
71,List the last name of members with a major in environmental engineering and include its department and college name.,"SELECT T1.last_name ,  T2.department ,  T2.college FROM member AS T1 JOIN major AS T2 ON T1.link_to_major  =  T2.major_id WHERE T2.major_name  =  'Environmental Engineering'","SELECT T2.last_name, T1.department, T1.college FROM major AS T1 INNER JOIN member AS T2 ON T1.major_id = T2.link_to_major WHERE T2.position = 'Member' AND T1.major_name = 'Environmental Engineering'",student_club
72,What are the budget category of the events located at MU 215 and a guest speaker type with a 0 budget spent?,SELECT DISTINCT T1.category FROM budget AS T1 JOIN event AS T2 ON T1.link_to_event = T2.event_id WHERE T2.location = 'MU 215' AND T2.type = 'guest speaker' AND T1.spent = 0,"SELECT DISTINCT T2.category, T1.type FROM event AS T1 INNER JOIN budget AS T2 ON T1.event_id = T2.link_to_event WHERE T1.location = 'MU 215' AND T2.spent = 0 AND T1.type = 'Guest Speaker'",student_club
73,"Among the members with t-shirt size of medium, what is the percentage of the amount 50 received by the Student_Club?",SELECT CAST(COUNT(DISTINCT T1.member_id) AS REAL) * 100 / (   SELECT COUNT(DISTINCT member_id) FROM member WHERE t_shirt_size = 'Medium' ) FROM member AS T1 JOIN income AS T2 ON T1.member_id  =  T2.link_to_member WHERE T1.t_shirt_size  =  'Medium' AND T2.amount  =  50 AND T2.source  =  'Student_Club',SELECT CAST(SUM(CASE WHEN T2.amount = 50 THEN 1.0 ELSE 0 END) AS REAL) * 100 / COUNT(T2.income_id) FROM member AS T1 INNER JOIN income AS T2 ON T1.member_id = T2.link_to_member WHERE T1.position = 'Member' AND T1.t_shirt_size = 'Medium',student_club
74,"List the names of closed event as ""game"" that was closed from 3/15/2019 to 3/20/2020.",SELECT event_name FROM event WHERE status = 'Closed' AND type = 'Game' AND event_date BETWEEN '2019-03-15' AND '2020-03-20',"SELECT DISTINCT event_name FROM event WHERE type = 'Game' AND date(SUBSTR(event_date, 1, 10)) BETWEEN '2019-03-15' AND '2020-03-20' AND status = 'Closed'",student_club
75,Give the full name and contact number of members who had to spend more than average on each expense.,"SELECT DISTINCT T1.first_name, T1.last_name, T1.phone FROM member AS T1 JOIN expense AS T2 ON T1.member_id = T2.link_to_member WHERE T2.cost > (SELECT avg(cost) FROM expense)","SELECT DISTINCT T3.first_name, T3.last_name, T3.phone FROM expense AS T1 INNER JOIN budget AS T2 ON T1.link_to_budget = T2.budget_id INNER JOIN member AS T3 ON T3.member_id = T1.link_to_member WHERE T1.cost > ( SELECT AVG(T1.cost) FROM expense AS T1 INNER JOIN budget AS T2 ON T1.link_to_budget = T2.budget_id INNER JOIN member AS T3 ON T3.member_id = T1.link_to_member )",student_club
76,"Write the full name of the member who spent money for water, veggie tray and supplies and include the cost of it.","SELECT T1.first_name, T1.last_name, T2.cost FROM member AS T1 JOIN expense AS T2 ON T1.member_id = T2.link_to_member WHERE T2.expense_description LIKE '%water%' OR T2.expense_description LIKE '%veggie tray%' OR T2.expense_description LIKE '%supplies%'","SELECT T2.first_name, T2.last_name, T1.cost FROM expense AS T1 INNER JOIN member AS T2 ON T1.link_to_member = T2.member_id WHERE T1.expense_description = 'Water, Veggie tray, supplies'",student_club
77,Write the full names of students who received funds on the date of 9/9/2019 and include the amount received.,"SELECT T1.first_name ,  T1.last_name ,  T2.amount FROM member AS T1 JOIN income AS T2 ON T1.member_id  =  T2.link_to_member WHERE T2.date_received  =  '2019-09-09'","SELECT DISTINCT T3.first_name, T3.last_name, T4.amount FROM event AS T1 INNER JOIN attendance AS T2 ON T1.event_id = T2.link_to_event INNER JOIN member AS T3 ON T3.member_id = T2.link_to_member INNER JOIN income AS T4 ON T4.link_to_member = T3.member_id WHERE T4.date_received = '2019-09-09'",student_club
78,Are there more in-patient or outpatient who were male? What is the deviation in percentage?,"SELECT Admission , count(*) FROM Patient WHERE SEX = 'M' GROUP BY Admission",SELECT CAST(SUM(CASE WHEN Admission = '+' THEN 1 ELSE 0 END) AS REAL) * 100 / SUM(CASE WHEN Admission = '-' THEN 1 ELSE 0 END) FROM Patient WHERE SEX = 'M',thrombosis_prediction
79,What is the percentage of female patient were born after 1930?,"SELECT CAST(SUM(CASE WHEN STRFTIME('%Y', Birthday) > '1930' THEN 1 ELSE 0 END) AS REAL) * 100 / COUNT(ID) FROM Patient WHERE SEX  =  'F'","SELECT CAST(SUM(CASE WHEN STRFTIME('%Y', Birthday) > '1930' THEN 1 ELSE 0 END) AS REAL) * 100 / COUNT(*) FROM Patient WHERE SEX = 'F'",thrombosis_prediction
81,What is the disease patient '30609' diagnosed with. List all the date of laboratory tests done for this patient.,"SELECT T1.Diagnosis , T2.Date FROM Patient AS T1 JOIN Laboratory AS T2 ON T1.ID = T2.ID WHERE T1.ID = 30609","SELECT T1.Diagnosis, T2.Date FROM Patient AS T1 INNER JOIN Laboratory AS T2 ON T1.ID = T2.ID WHERE T1.ID = 30609",thrombosis_prediction
82,"List the patient ID, sex and birthday of patient with LDH beyond normal range.","SELECT The provided SQL query attempts to filter for patients with LDH values. However, the question asks for patients with LDH ""beyond normal range"". The definition of ""normal range"" for LDH is not provided in the table schemas or the question itself.","SELECT DISTINCT T1.ID, T1.SEX, T1.Birthday FROM Patient AS T1 INNER JOIN Laboratory AS T2 ON T1.ID = T2.ID WHERE T2.LDH > 500",thrombosis_prediction
83,State the ID and age of patient with positive degree of coagulation.,"SELECT DISTINCT T1.ID ,  (STRFTIME('%Y', 'now') - STRFTIME('%Y', T1.Birthday)) FROM Patient AS T1 JOIN Examination AS T2 ON T1.ID  =  T2.ID WHERE T2.Thrombosis  =  1","SELECT DISTINCT T1.ID, STRFTIME('%Y', CURRENT_TIMESTAMP) - STRFTIME('%Y', T1.Birthday) FROM Patient AS T1 INNER JOIN Examination AS T2 ON T1.ID = T2.ID WHERE T2.RVVT = '+'",thrombosis_prediction
84,"For patients with severe degree of thrombosis, list their ID, sex and disease the patient is diagnosed with.","SELECT T1.ID ,  T1.SEX ,  T1.Diagnosis FROM Patient AS T1 JOIN Examination AS T2 ON T1.ID  =  T2.ID WHERE T2.Thrombosis  =  1","SELECT DISTINCT T1.ID, T1.SEX, T1.Diagnosis FROM Patient AS T1 INNER JOIN Examination AS T2 ON T1.ID = T2.ID WHERE T2.Thrombosis = 2",thrombosis_prediction
85,How many female patients who came at the hospital in 1997 was immediately followed at the outpatient clinic?,"SELECT COUNT(DISTINCT T1.ID) FROM Patient AS T1 WHERE T1.SEX  =  'F' AND strftime('%Y', T1.""First Date"")  =  '1997' AND (EXISTS (SELECT 1 FROM Examination AS T2 WHERE T1.ID  =  T2.ID AND T1.""First Date""  =  T2.""Examination Date"") OR EXISTS (SELECT 1 FROM Laboratory AS T3 WHERE T1.ID  =  T3.ID AND T1.""First Date""  =  T3.Date))","SELECT COUNT(*) FROM Patient WHERE STRFTIME('%Y', Description) = '1997' AND SEX = 'F' AND Admission = '-'",thrombosis_prediction
86,How many of the patients with the most serious thrombosis cases examined in 1997 are women?,"SELECT COUNT(DISTINCT T1.ID) FROM Patient AS T1 JOIN Examination AS T2 ON T1.ID = T2.ID WHERE T2.Thrombosis = (SELECT MAX(Thrombosis) FROM Examination) AND strftime('%Y', T2.""Examination Date"") = '1997' AND T1.SEX = 'F'","SELECT  COUNT(*) FROM Patient AS T1 INNER JOIN Examination AS T2 ON T1.ID = T2.ID WHERE T1.SEX = 'F' AND STRFTIME('%Y', T2.`Examination Date`) = '1997' AND T2.Thrombosis = 1",thrombosis_prediction
87,What are the symptoms observed by the youngest patient to ever did a medical examination? Identify their diagnosis.,"SELECT T1.Symptoms , T1.Diagnosis FROM Examination AS T1 JOIN Patient AS T2 ON T1.ID = T2.ID WHERE T2.Birthday = (SELECT max(Birthday) FROM Patient)","SELECT T2.Symptoms, T1.Diagnosis FROM Patient AS T1 INNER JOIN Examination AS T2 ON T1.ID = T2.ID WHERE T2.Symptoms IS NOT NULL ORDER BY T1.Birthday DESC LIMIT 1",thrombosis_prediction
88,"The oldest SJS patient's medical laboratory work was completed on what date, and what age was the patient when they initially arrived at the hospital?","SELECT min(T2.Date) ,  (STRFTIME('%Y', T1.`First Date`) - STRFTIME('%Y', T1.Birthday)) - (STRFTIME('%m%d', T1.`First Date`) < STRFTIME('%m%d', T1.Birthday)) FROM Patient AS T1 JOIN Laboratory AS T2 ON T1.ID  =  T2.ID WHERE T1.Diagnosis LIKE '%SJS%' GROUP BY T1.ID ORDER BY T1.Birthday ASC LIMIT 1","SELECT T1.Date, STRFTIME('%Y', T2.`First Date`) - STRFTIME('%Y', T2.Birthday),T2.Birthday FROM Laboratory AS T1 INNER JOIN Patient AS T2 ON T1.ID = T2.ID WHERE T2.Diagnosis = 'SJS' AND T2.Birthday IS NOT NULL ORDER BY T2.Birthday ASC LIMIT 1",thrombosis_prediction
89,What is the ratio of male to female patients among all those with abnormal uric acid counts?,SELECT CAST(SUM(CASE WHEN T2.SEX = 'M' THEN 1 ELSE 0 END) AS REAL) / SUM(CASE WHEN T2.SEX = 'F' THEN 1 ELSE 0 END) FROM (SELECT DISTINCT ID FROM Laboratory WHERE UA IS NOT NULL) AS T1 JOIN Patient AS T2 ON T1.ID = T2.ID,SELECT CAST(SUM(CASE WHEN T2.UA <= 8.0 AND T1.SEX = 'M' THEN 1 ELSE 0 END) AS REAL) / SUM(CASE WHEN T2.UA <= 6.5 AND T1.SEX = 'F' THEN 1 ELSE 0 END) FROM Patient AS T1 INNER JOIN Laboratory AS T2 ON T1.ID = T2.ID,thrombosis_prediction
90,How many underage patients were examined during the course of the three-year period from 1990 to 1993?,"SELECT count(DISTINCT T1.ID) FROM Patient AS T1 JOIN Examination AS T2 ON T1.ID  =  T2.ID WHERE T2.'Examination Date' BETWEEN '1990-01-01' AND '1993-12-31' AND ((strftime('%Y', T2.'Examination Date') - strftime('%Y', T1.Birthday)) - (strftime('%m-%d', T2.'Examination Date') < strftime('%m-%d', T1.Birthday))) < 18","SELECT COUNT(T1.ID) FROM Patient AS T1 INNER JOIN Examination AS T2 ON T1.ID = T2.ID WHERE STRFTIME('%Y', T2.`Examination Date`) BETWEEN '1990' AND '1993' AND STRFTIME('%Y', T2.`Examination Date`) - STRFTIME('%Y', T1.Birthday) < 18",thrombosis_prediction
91,"How old was the patient who had the highest hemoglobin count at the time of the examination, and what is the doctor's diagnosis?","SELECT STRFTIME('%Y', T2.""Examination Date"") - STRFTIME('%Y', T1.Birthday) AS Age, T2.Diagnosis FROM Patient AS T1 JOIN Examination AS T2 ON T1.ID = T2.ID WHERE T1.ID IN (SELECT ID FROM Laboratory WHERE HGB = (SELECT MAX(HGB) FROM Laboratory))","SELECT STRFTIME('%Y', T2.Date) - STRFTIME('%Y', T1.Birthday), T1.Diagnosis FROM Patient AS T1 INNER JOIN Laboratory AS T2 ON T1.ID = T2.ID ORDER BY T2.HGB DESC LIMIT 1",thrombosis_prediction
92,"For the patient who was diagnosed with SLE on 1994/2/19, what was his/her anti-Cardiolipin antibody concentration status on 1993/11/12?","SELECT ""aCL IgG"" ,  ""aCL IgM"" ,  ""aCL IgA"" FROM Examination WHERE ID IN ( SELECT ID FROM Examination WHERE Diagnosis  =  'SLE' AND ""Examination Date""  =  '1994-02-19' ) AND ""Examination Date""  =  '1993-11-12'","SELECT `aCL IgA`, `aCL IgG`, `aCL IgM` FROM Examination WHERE ID IN ( SELECT ID FROM Patient WHERE Diagnosis = 'SLE' AND Description = '1994-02-19' ) AND `Examination Date` = '1993-11-12'",thrombosis_prediction
93,"For the patient who was born on 1959/2/18, what is the decrease rate for his/her total cholesterol from November to December in 1981?","WITH PatientID AS (   SELECT     ID   FROM Patient   WHERE     Birthday = '1959-02-18' ), TCHONov AS (   SELECT     T_CHO   FROM Laboratory   WHERE     ID = (       SELECT         ID       FROM PatientID     ) AND STRFTIME('%Y', Date) = '1981' AND STRFTIME('%m', Date) = '11'   ORDER BY     Date DESC   LIMIT 1 ), TCHODec AS (   SELECT     T_CHO   FROM Laboratory   WHERE     ID = (       SELECT         ID       FROM PatientID     ) AND STRFTIME('%Y', Date) = '1981' AND STRFTIME('%m', Date) = '12'   ORDER BY     Date DESC   LIMIT 1 ) SELECT   (T1.T_CHO - T2.T_CHO) * 1.0 / T1.T_CHO FROM TCHONov AS T1, TCHODec AS T2 WHERE   T1.T_CHO IS NOT NULL AND T2.T_CHO IS NOT NULL AND T1.T_CHO != 0",SELECT CAST((SUM(CASE WHEN T2.Date LIKE '1981-11-%' THEN T2.`T-CHO` ELSE 0 END) - SUM(CASE WHEN T2.Date LIKE '1981-12-%' THEN T2.`T-CHO` ELSE 0 END)) AS REAL) / SUM(CASE WHEN T2.Date LIKE '1981-12-%' THEN T2.`T-CHO` ELSE 0 END) FROM Patient AS T1 INNER JOIN Laboratory AS T2 ON T1.ID = T2.ID WHERE T1.Birthday = '1959-02-18',thrombosis_prediction
94,How many patients who were examined between 1987/7/6 and 1996/1/31 had a GPT level greater than 30 and an ALB level less than 4? List them by their ID.,SELECT count(DISTINCT T1.ID) FROM Patient AS T1 JOIN Examination AS T2 ON T1.ID = T2.ID JOIN Laboratory AS T3 ON T1.ID = T3.ID WHERE T2.`Examination Date` BETWEEN '1987-07-06' AND '1996-01-31' AND T3.GPT > 30 AND T3.ALB < 4,SELECT DISTINCT ID FROM Laboratory WHERE Date BETWEEN '1987-07-06' AND '1996-01-31' AND GPT > 30 AND ALB < 4,thrombosis_prediction
